{"name":"iPhone 7 Plus 256GB","brand":"iPhone (Apple)","feature":{"ram":"3","cpu":"4","pin":"2900","screen":null},"category":"\u0110i\u1ec7n tho\u1ea1i di \u0111\u1ed9ng","price":"27.990.000"}
{"name":"iPhone 7 Plus 128GB","brand":"iPhone (Apple)","feature":{"ram":"3","cpu":"4","pin":"2900","screen":null},"category":"\u0110i\u1ec7n tho\u1ea1i di \u0111\u1ed9ng","price":"25.190.000"}
{"name":"iPhone 7 256GB","brand":"iPhone (Apple)","feature":{"ram":"2","cpu":"4","pin":"1960","screen":null},"category":"\u0110i\u1ec7n tho\u1ea1i di \u0111\u1ed9ng","price":"<span>Gi\u00e1 online:<\/span> 22.868.700"}
{"name":"iPhone 7 Plus 32GB","brand":"iPhone (Apple)","feature":{"ram":"3","cpu":"4","pin":"2900","screen":null},"category":"\u0110i\u1ec7n tho\u1ea1i di \u0111\u1ed9ng","price":"22.290.000"}
{"name":"iPhone 7 128GB","brand":"iPhone (Apple)","feature":{"ram":"2","cpu":"4","pin":"1960","screen":null},"category":"\u0110i\u1ec7n tho\u1ea1i di \u0111\u1ed9ng","price":"<span>Gi\u00e1 online:<\/span> 20.171.700"}
{"name":"iPhone 6s Plus 64GB","brand":"iPhone (Apple)","feature":{"ram":"2","cpu":"2","pin":"2750","screen":null},"category":"\u0110i\u1ec7n tho\u1ea1i di \u0111\u1ed9ng","price":"19.990.000"}
{"name":"iPhone 6s Plus 32GB","brand":"iPhone (Apple)","feature":{"ram":"2","cpu":"2","pin":"2750","screen":null},"category":"\u0110i\u1ec7n tho\u1ea1i di \u0111\u1ed9ng","price":"18.890.000"}
{"name":"iPhone 6s 128GB","brand":"iPhone (Apple)","feature":{"ram":",ROM: 2","cpu":"2","pin":",SIM: 1715","screen":null},"category":"\u0110i\u1ec7n tho\u1ea1i di \u0111\u1ed9ng","price":"18.890.000"}
{"name":"iPhone 7 32GB","brand":"iPhone (Apple)","feature":{"ram":"2","cpu":"4","pin":"1960","screen":null},"category":"\u0110i\u1ec7n tho\u1ea1i di \u0111\u1ed9ng","price":"18.790.000"}
{"name":"iPhone 6s 64GB","brand":"iPhone (Apple)","feature":{"ram":"2","cpu":"2","pin":null,"screen":null},"category":"\u0110i\u1ec7n tho\u1ea1i di \u0111\u1ed9ng","price":"16.990.000"}
{"name":"iPhone 6s 32GB","brand":"iPhone (Apple)","feature":{"ram":"2","cpu":"2","pin":"1715","screen":null},"category":"\u0110i\u1ec7n tho\u1ea1i di \u0111\u1ed9ng","price":"15.990.000"}
{"name":"iPhone 6s 16GB","brand":"iPhone (Apple)","feature":{"ram":"2","cpu":"2","pin":null,"screen":null},"category":"\u0110i\u1ec7n tho\u1ea1i di \u0111\u1ed9ng","price":"13.990.000"}
{"name":"iPhone 6 64GB","brand":"iPhone (Apple)","feature":{"ram":",ROM: 1","cpu":"2","pin":",SIM: 1810","screen":null},"category":"\u0110i\u1ec7n tho\u1ea1i di \u0111\u1ed9ng","price":"12.990.000"}
{"name":"iPhone SE 64GB","brand":"iPhone (Apple)","feature":{"ram":"2","cpu":"2","pin":"1642","screen":null},"category":"\u0110i\u1ec7n tho\u1ea1i di \u0111\u1ed9ng","price":"11.990.000"}
{"name":"iPhone 6 16GB","brand":"iPhone (Apple)","feature":{"ram":"1","cpu":"2","pin":"1810","screen":null},"category":"\u0110i\u1ec7n tho\u1ea1i di \u0111\u1ed9ng","price":"11.990.000"}
{"name":"iPhone SE 16GB","brand":"iPhone (Apple)","feature":{"ram":"2","cpu":"2","pin":"1642","screen":null},"category":"\u0110i\u1ec7n tho\u1ea1i di \u0111\u1ed9ng","price":"8.990.000"}
{"name":"IPHONE 5S 16GB","brand":"iPhone (Apple)","feature":{"ram":"1","cpu":"2","pin":"1560","screen":null},"category":"\u0110i\u1ec7n tho\u1ea1i di \u0111\u1ed9ng","price":"<span>Gi\u00e1 online:<\/span> 6.490.000"}
{"name":"Samsung Galaxy S7 Edge Black Pearl (\u0110en Ng\u1ecdc Trai)","brand":"Samsung","feature":{"ram":"4","cpu":"8890","pin":"3600","screen":null},"category":"\u0110i\u1ec7n tho\u1ea1i di \u0111\u1ed9ng","price":"18.990.000"}
{"name":"Samsung Galaxy S7 Edge (Xanh Coral)","brand":"Samsung","feature":{"ram":"4","cpu":"8890","pin":"3600","screen":null},"category":"\u0110i\u1ec7n tho\u1ea1i di \u0111\u1ed9ng","price":"18.490.000"}
{"name":"Samsung Galaxy S7 Edge","brand":"Samsung","feature":{"ram":"4","cpu":"8890","pin":"3600","screen":null},"category":"\u0110i\u1ec7n tho\u1ea1i di \u0111\u1ed9ng","price":"16.990.000"}
{"name":"Samsung Galaxy S7 Edge (Pink Gold Edition)","brand":"Samsung","feature":{"ram":"4","cpu":"8890","pin":"3600","screen":null},"category":"\u0110i\u1ec7n tho\u1ea1i di \u0111\u1ed9ng","price":"16.990.000"}
{"name":"Samsung Galaxy S7","brand":"Samsung","feature":{"ram":"4","cpu":"8890","pin":"3000","screen":null},"category":"\u0110i\u1ec7n tho\u1ea1i di \u0111\u1ed9ng","price":"14.990.000"}
{"name":"Samsung Galaxy Note 5","brand":"Samsung","feature":{"ram":"4","cpu":"7420","pin":"3000","screen":null},"category":"\u0110i\u1ec7n tho\u1ea1i di \u0111\u1ed9ng","price":"12.490.000"}
{"name":"Samsung Galaxy A9 Pro","brand":"Samsung","feature":{"ram":"4","cpu":"652","pin":"5000","screen":null},"category":"\u0110i\u1ec7n tho\u1ea1i di \u0111\u1ed9ng","price":"10.990.000"}
{"name":"Samsung Galaxy A7 (2016)","brand":"Samsung","feature":{"ram":"3","cpu":"7580","pin":"3300","screen":null},"category":"\u0110i\u1ec7n tho\u1ea1i di \u0111\u1ed9ng","price":"8.990.000"}
{"name":"Samsung Galaxy A5 2016","brand":"Samsung","feature":{"ram":"2","cpu":"7580","pin":"2900","screen":null},"category":"\u0110i\u1ec7n tho\u1ea1i di \u0111\u1ed9ng","price":"7.290.000"}
{"name":"Samsung Galaxy J7 Prime","brand":"Samsung","feature":{"ram":"3","cpu":"7870","pin":"3300","screen":null},"category":"\u0110i\u1ec7n tho\u1ea1i di \u0111\u1ed9ng","price":"6.290.000"}
{"name":"Samsung Galaxy A3 2016","brand":"Samsung","feature":{"ram":"1.5","cpu":"7578","pin":"2300","screen":null},"category":"\u0110i\u1ec7n tho\u1ea1i di \u0111\u1ed9ng","price":"<span>Gi\u00e1 online:<\/span> 4.552.000"}
{"name":"Samsung Galaxy J5 Prime","brand":"Samsung","feature":{"ram":"2","cpu":"7570","pin":"2400","screen":null},"category":"\u0110i\u1ec7n tho\u1ea1i di \u0111\u1ed9ng","price":"4.990.000"}
{"name":"Samsung Galaxy J7","brand":"Samsung","feature":{"ram":"1.5","cpu":"7580","pin":"3000","screen":null},"category":"\u0110i\u1ec7n tho\u1ea1i di \u0111\u1ed9ng","price":"4.520.000"}
{"name":"Samsung Galaxy J5 (2016)","brand":"Samsung","feature":{"ram":"2","cpu":"410","pin":"3100","screen":null},"category":"\u0110i\u1ec7n tho\u1ea1i di \u0111\u1ed9ng","price":"4.490.000"}
{"name":"Samsung Galaxy J5","brand":"Samsung","feature":{"ram":"1.5","cpu":"410","pin":"2600","screen":null},"category":"\u0110i\u1ec7n tho\u1ea1i di \u0111\u1ed9ng","price":"3.790.000"}
{"name":"Samsung Galaxy J3 LTE","brand":"Samsung","feature":{"ram":"1.5","cpu":"4","pin":"2600","screen":null},"category":"\u0110i\u1ec7n tho\u1ea1i di \u0111\u1ed9ng","price":"3.290.000"}
{"name":"Samsung Galaxy J2","brand":"Samsung","feature":{"ram":"1","cpu":"3475","pin":"2000","screen":null},"category":"\u0110i\u1ec7n tho\u1ea1i di \u0111\u1ed9ng","price":"2.690.000"}
{"name":"Samsung Galaxy J2 Prime","brand":"Samsung","feature":{"ram":"1.5","cpu":"4","pin":"2600","screen":null},"category":"\u0110i\u1ec7n tho\u1ea1i di \u0111\u1ed9ng","price":"2.690.000"}
{"name":"Samsung Galaxy J1 (2016)","brand":"Samsung","feature":{"ram":"1","cpu":"3475","pin":"2050","screen":null},"category":"\u0110i\u1ec7n tho\u1ea1i di \u0111\u1ed9ng","price":"2.390.000"}
{"name":"Samsung Galaxy J1 mini","brand":"Samsung","feature":{"ram":null,"cpu":"4","pin":"1500","screen":null},"category":"\u0110i\u1ec7n tho\u1ea1i di \u0111\u1ed9ng","price":"1.790.000"}
{"name":"Samsung E1200","brand":"Samsung","feature":{"ram":null,"cpu":null,"pin":null,"screen":null},"category":"\u0110i\u1ec7n tho\u1ea1i di \u0111\u1ed9ng","price":"350.000"}
{"name":"OPPO F1 Plus","brand":"OPPO","feature":{"ram":"4","cpu":"8","pin":"2850","screen":null},"category":"\u0110i\u1ec7n tho\u1ea1i di \u0111\u1ed9ng","price":"9.990.000"}
{"name":"OPPO F1s","brand":"OPPO","feature":{"ram":"3","cpu":"8","pin":"3075","screen":null},"category":"\u0110i\u1ec7n tho\u1ea1i di \u0111\u1ed9ng","price":"5.990.000"}
{"name":"OPPO A39 (Neo 9s)","brand":"OPPO","feature":{"ram":"3","cpu":"8","pin":null,"screen":null},"category":"\u0110i\u1ec7n tho\u1ea1i di \u0111\u1ed9ng","price":"4.690.000"}
{"name":"OPPO A37 (NEO 9)","brand":"OPPO","feature":{"ram":"2","cpu":"410","pin":"2630","screen":null},"category":"\u0110i\u1ec7n tho\u1ea1i di \u0111\u1ed9ng","price":"3.690.000"}
{"name":"OPPO Neo 7","brand":"OPPO","feature":{"ram":"1","cpu":"6582","pin":"2420","screen":null},"category":"\u0110i\u1ec7n tho\u1ea1i di \u0111\u1ed9ng","price":"2.990.000"}
{"name":"OPPO Neo 7s","brand":"OPPO","feature":{"ram":"1","cpu":"410","pin":"2420","screen":null},"category":"\u0110i\u1ec7n tho\u1ea1i di \u0111\u1ed9ng","price":"2.990.000"}
{"name":"Asus Zenfone 3 ZE552KL","brand":"Asus Zenfone","feature":{"ram":"4","cpu":"625","pin":"3000","screen":null},"category":"\u0110i\u1ec7n tho\u1ea1i di \u0111\u1ed9ng","price":"<span>Gi\u00e1 online:<\/span> 7.192.000"}
{"name":"Asus Zenfone 3 ZE520KL","brand":"Asus Zenfone","feature":{"ram":"4","cpu":"625","pin":"2650","screen":null},"category":"\u0110i\u1ec7n tho\u1ea1i di \u0111\u1ed9ng","price":"<span>Gi\u00e1 online:<\/span> 6.392.000"}
{"name":"Asus Zenfone 3 Max 5.5&quot; ZC553KL","brand":"Asus Zenfone","feature":{"ram":"3","cpu":"430","pin":"4100","screen":null},"category":"\u0110i\u1ec7n tho\u1ea1i di \u0111\u1ed9ng","price":"5.490.000"}
{"name":"ASUS ZENFONE 3 MAX","brand":"Asus Zenfone","feature":{"ram":"3","cpu":"4","pin":"4100","screen":null},"category":"\u0110i\u1ec7n tho\u1ea1i di \u0111\u1ed9ng","price":"4.490.000"}
{"name":"Asus Zenfone Max","brand":"Asus Zenfone","feature":{"ram":"2","cpu":"410","pin":null,"screen":null},"category":"\u0110i\u1ec7n tho\u1ea1i di \u0111\u1ed9ng","price":"<span>Gi\u00e1 online:<\/span> 3.592.000"}
{"name":"Asus Zenfone 2 2.3Ghz\/4G\/64G","brand":"Asus Zenfone","feature":{"ram":null,"cpu":"4","pin":null,"screen":null},"category":"\u0110i\u1ec7n tho\u1ea1i di \u0111\u1ed9ng","price":"3.790.000"}
{"name":"Asus Zenfone 2 Laser 6&quot; ZE601KL","brand":"Asus Zenfone","feature":{"ram":null,"cpu":"8","pin":null,"screen":null},"category":"\u0110i\u1ec7n tho\u1ea1i di \u0111\u1ed9ng","price":"3.590.000"}
{"name":"ASUS ZENFONE GO TV ZB551KL","brand":"Asus Zenfone","feature":{"ram":"2","cpu":"400","pin":"3010","screen":null},"category":"\u0110i\u1ec7n tho\u1ea1i di \u0111\u1ed9ng","price":"3.490.000"}
{"name":"Asus Zenfone Go ZC500TG","brand":"Asus Zenfone","feature":{"ram":"2","cpu":"4","pin":"2070","screen":null},"category":"\u0110i\u1ec7n tho\u1ea1i di \u0111\u1ed9ng","price":"<span>Gi\u00e1 online:<\/span> 2.392.000"}
{"name":"Asus Zenfone 2 Laser 5.0&quot; LTE","brand":"Asus Zenfone","feature":{"ram":null,"cpu":"4","pin":null,"screen":null},"category":"\u0110i\u1ec7n tho\u1ea1i di \u0111\u1ed9ng","price":"2.790.000"}
{"name":"Asus Zenfone 2 Laser","brand":"Asus Zenfone","feature":{"ram":"2","cpu":"410","pin":null,"screen":null},"category":"\u0110i\u1ec7n tho\u1ea1i di \u0111\u1ed9ng","price":"<span>Gi\u00e1 online:<\/span> 2.232.000"}
{"name":"Asus Zenfone Go ZB452KG Plus","brand":"Asus Zenfone","feature":{"ram":"1","cpu":"200","pin":"2070","screen":null},"category":"\u0110i\u1ec7n tho\u1ea1i di \u0111\u1ed9ng","price":"1.690.000"}
{"name":"Asus Zenfone Go ZB452KG","brand":"Asus Zenfone","feature":{"ram":"1","cpu":"200","pin":"2070","screen":null},"category":"\u0110i\u1ec7n tho\u1ea1i di \u0111\u1ed9ng","price":"1.590.000"}
{"name":"Samsung Galaxy S7 Edge Black Pearl (\u0110en Ng\u1ecdc Trai)","brand":"Sony","feature":{"ram":"4","cpu":"8890","pin":"3600","screen":null},"category":"\u0110i\u1ec7n tho\u1ea1i di \u0111\u1ed9ng","price":"18.990.000"}
{"name":"Samsung Galaxy S7 Edge (Xanh Coral)","brand":"Sony","feature":{"ram":"4","cpu":"8890","pin":"3600","screen":null},"category":"\u0110i\u1ec7n tho\u1ea1i di \u0111\u1ed9ng","price":"18.490.000"}
{"name":"Samsung Galaxy S7 Edge","brand":"Sony","feature":{"ram":"4","cpu":"8890","pin":"3600","screen":null},"category":"\u0110i\u1ec7n tho\u1ea1i di \u0111\u1ed9ng","price":"16.990.000"}
{"name":"Samsung Galaxy S7 Edge (Pink Gold Edition)","brand":"Sony","feature":{"ram":"4","cpu":"8890","pin":"3600","screen":null},"category":"\u0110i\u1ec7n tho\u1ea1i di \u0111\u1ed9ng","price":"16.990.000"}
{"name":"Samsung Galaxy S7","brand":"Sony","feature":{"ram":"4","cpu":"8890","pin":"3000","screen":null},"category":"\u0110i\u1ec7n tho\u1ea1i di \u0111\u1ed9ng","price":"14.990.000"}
{"name":"Samsung Galaxy Note 5","brand":"Sony","feature":{"ram":"4","cpu":"7420","pin":"3000","screen":null},"category":"\u0110i\u1ec7n tho\u1ea1i di \u0111\u1ed9ng","price":"12.490.000"}
{"name":"Samsung Galaxy A9 Pro","brand":"Sony","feature":{"ram":"4","cpu":"652","pin":"5000","screen":null},"category":"\u0110i\u1ec7n tho\u1ea1i di \u0111\u1ed9ng","price":"10.990.000"}
{"name":"Samsung Galaxy A7 (2016)","brand":"Sony","feature":{"ram":"3","cpu":"7580","pin":"3300","screen":null},"category":"\u0110i\u1ec7n tho\u1ea1i di \u0111\u1ed9ng","price":"8.990.000"}
{"name":"Samsung Galaxy A5 2016","brand":"Sony","feature":{"ram":"2","cpu":"7580","pin":"2900","screen":null},"category":"\u0110i\u1ec7n tho\u1ea1i di \u0111\u1ed9ng","price":"7.290.000"}
{"name":"Samsung Galaxy J7 Prime","brand":"Sony","feature":{"ram":"3","cpu":"7870","pin":"3300","screen":null},"category":"\u0110i\u1ec7n tho\u1ea1i di \u0111\u1ed9ng","price":"6.290.000"}
{"name":"Samsung Galaxy A3 2016","brand":"Sony","feature":{"ram":"1.5","cpu":"7578","pin":"2300","screen":null},"category":"\u0110i\u1ec7n tho\u1ea1i di \u0111\u1ed9ng","price":"<span>Gi\u00e1 online:<\/span> 4.552.000"}
{"name":"Samsung Galaxy J5 Prime","brand":"Sony","feature":{"ram":"2","cpu":"7570","pin":"2400","screen":null},"category":"\u0110i\u1ec7n tho\u1ea1i di \u0111\u1ed9ng","price":"4.990.000"}
{"name":"Samsung Galaxy J7","brand":"Sony","feature":{"ram":"1.5","cpu":"7580","pin":"3000","screen":null},"category":"\u0110i\u1ec7n tho\u1ea1i di \u0111\u1ed9ng","price":"4.520.000"}
{"name":"Samsung Galaxy J5 (2016)","brand":"Sony","feature":{"ram":"2","cpu":"410","pin":"3100","screen":null},"category":"\u0110i\u1ec7n tho\u1ea1i di \u0111\u1ed9ng","price":"4.490.000"}
{"name":"Samsung Galaxy J5","brand":"Sony","feature":{"ram":"1.5","cpu":"410","pin":"2600","screen":null},"category":"\u0110i\u1ec7n tho\u1ea1i di \u0111\u1ed9ng","price":"3.790.000"}
{"name":"Samsung Galaxy J3 LTE","brand":"Sony","feature":{"ram":"1.5","cpu":"4","pin":"2600","screen":null},"category":"\u0110i\u1ec7n tho\u1ea1i di \u0111\u1ed9ng","price":"3.290.000"}
{"name":"Samsung Galaxy J2","brand":"Sony","feature":{"ram":"1","cpu":"3475","pin":"2000","screen":null},"category":"\u0110i\u1ec7n tho\u1ea1i di \u0111\u1ed9ng","price":"2.690.000"}
{"name":"Samsung Galaxy J2 Prime","brand":"Sony","feature":{"ram":"1.5","cpu":"4","pin":"2600","screen":null},"category":"\u0110i\u1ec7n tho\u1ea1i di \u0111\u1ed9ng","price":"2.690.000"}
{"name":"Samsung Galaxy J1 (2016)","brand":"Sony","feature":{"ram":"1","cpu":"3475","pin":"2050","screen":null},"category":"\u0110i\u1ec7n tho\u1ea1i di \u0111\u1ed9ng","price":"2.390.000"}
{"name":"Samsung Galaxy J1 mini","brand":"Sony","feature":{"ram":null,"cpu":"4","pin":"1500","screen":null},"category":"\u0110i\u1ec7n tho\u1ea1i di \u0111\u1ed9ng","price":"1.790.000"}
{"name":"Samsung E1200","brand":"Sony","feature":{"ram":null,"cpu":null,"pin":null,"screen":null},"category":"\u0110i\u1ec7n tho\u1ea1i di \u0111\u1ed9ng","price":"350.000"}
{"name":"HTC One A9","brand":"HTC","feature":{"ram":"2","cpu":"617","pin":"2150","screen":null},"category":"\u0110i\u1ec7n tho\u1ea1i di \u0111\u1ed9ng","price":"<span>Gi\u00e1 online:<\/span> 7.192.000"}
{"name":"HTC Desire 10 Pro","brand":"HTC","feature":{"ram":"4","cpu":"8","pin":"3000","screen":null},"category":"\u0110i\u1ec7n tho\u1ea1i di \u0111\u1ed9ng","price":"7.990.000"}
{"name":"HTC One A9s","brand":"HTC","feature":{"ram":"2","cpu":"8","pin":"2300","screen":null},"category":"\u0110i\u1ec7n tho\u1ea1i di \u0111\u1ed9ng","price":"5.990.000"}
{"name":"HTC One ME","brand":"HTC","feature":{"ram":"3","cpu":"8","pin":"2840","screen":null},"category":"\u0110i\u1ec7n tho\u1ea1i di \u0111\u1ed9ng","price":"5.990.000"}
{"name":"HTC Desire 826 Selfie","brand":"HTC","feature":{"ram":"2","cpu":"615","pin":"2600","screen":null},"category":"\u0110i\u1ec7n tho\u1ea1i di \u0111\u1ed9ng","price":"5.490.000"}
{"name":"HTC One E9 Dual","brand":"HTC","feature":{"ram":"2","cpu":"8","pin":"2800","screen":null},"category":"\u0110i\u1ec7n tho\u1ea1i di \u0111\u1ed9ng","price":"4.990.000"}
{"name":"HTC Desire 628","brand":"HTC","feature":{"ram":"3","cpu":"8","pin":"2200","screen":null},"category":"\u0110i\u1ec7n tho\u1ea1i di \u0111\u1ed9ng","price":"<span>Gi\u00e1 online:<\/span> 3.832.000"}
{"name":"HTC Desire 728G LTE","brand":"HTC","feature":{"ram":"2","cpu":"8","pin":"2800","screen":null},"category":"\u0110i\u1ec7n tho\u1ea1i di \u0111\u1ed9ng","price":"3.990.000"}
{"name":"HTC Desire 630","brand":"HTC","feature":{"ram":"2","cpu":"400","pin":"2200","screen":null},"category":"\u0110i\u1ec7n tho\u1ea1i di \u0111\u1ed9ng","price":"3.990.000"}
{"name":"HTC Desire 728G","brand":"HTC","feature":{"ram":"1.5","cpu":"8","pin":"2800","screen":null},"category":"\u0110i\u1ec7n tho\u1ea1i di \u0111\u1ed9ng","price":"3.790.000"}
{"name":"HTC Desire 820G+","brand":"HTC","feature":{"ram":"1","cpu":"8","pin":"2600","screen":null},"category":"\u0110i\u1ec7n tho\u1ea1i di \u0111\u1ed9ng","price":"3.290.000"}
{"name":"HTC DESIRE 626G","brand":"HTC","feature":{"ram":"1","cpu":"6592","pin":"2000","screen":null},"category":"\u0110i\u1ec7n tho\u1ea1i di \u0111\u1ed9ng","price":"2.790.000"}
{"name":"HTC Desire 620G","brand":"HTC","feature":{"ram":"1","cpu":"8","pin":"2100","screen":null},"category":"\u0110i\u1ec7n tho\u1ea1i di \u0111\u1ed9ng","price":"2.290.000"}
{"name":"HTC Desire 526G","brand":"HTC","feature":{"ram":"1","cpu":"6582","pin":"2000","screen":null},"category":"\u0110i\u1ec7n tho\u1ea1i di \u0111\u1ed9ng","price":"<span>Gi\u00e1 online:<\/span> 1.592.000"}
{"name":"Nokia Lumia 730 Dual SIM","brand":"Nokia - Microsoft","feature":{"ram":"1","cpu":"400","pin":"2220","screen":null},"category":"\u0110i\u1ec7n tho\u1ea1i di \u0111\u1ed9ng","price":"2.290.000"}
{"name":"Microsoft Lumia 640","brand":"Nokia - Microsoft","feature":{"ram":"1","cpu":"400","pin":"2500","screen":null},"category":"\u0110i\u1ec7n tho\u1ea1i di \u0111\u1ed9ng","price":"1.890.000"}
{"name":"Nokia 222 Dual SIM","brand":"Nokia - Microsoft","feature":{"ram":null,"cpu":null,"pin":null,"screen":null},"category":"\u0110i\u1ec7n tho\u1ea1i di \u0111\u1ed9ng","price":"950.000"}
{"name":"Nokia 108 (KTN)","brand":"Nokia - Microsoft","feature":{"ram":null,"cpu":null,"pin":null,"screen":null},"category":"\u0110i\u1ec7n tho\u1ea1i di \u0111\u1ed9ng","price":"670.000"}
{"name":"Nokia 130","brand":"Nokia - Microsoft","feature":{"ram":null,"cpu":null,"pin":null,"screen":null},"category":"\u0110i\u1ec7n tho\u1ea1i di \u0111\u1ed9ng","price":"630.000"}
{"name":"Nokia 105 Dual SIM","brand":"Nokia - Microsoft","feature":{"ram":null,"cpu":null,"pin":null,"screen":null},"category":"\u0110i\u1ec7n tho\u1ea1i di \u0111\u1ed9ng","price":"430.000"}
{"name":"Nokia 105 Single SIM","brand":"Nokia - Microsoft","feature":{"ram":null,"cpu":null,"pin":null,"screen":null},"category":"\u0110i\u1ec7n tho\u1ea1i di \u0111\u1ed9ng","price":"420.000"}
{"name":"HUAWEI GR5 2017","brand":"Huawei","feature":{"ram":"3","cpu":"655","pin":"3340","screen":null},"category":"\u0110i\u1ec7n tho\u1ea1i di \u0111\u1ed9ng","price":"5.990.000"}
{"name":"Huawei GR5","brand":"Huawei","feature":{"ram":"2","cpu":"616","pin":"3000","screen":null},"category":"\u0110i\u1ec7n tho\u1ea1i di \u0111\u1ed9ng","price":"4.490.000"}
{"name":"Huawei GR5 Mini","brand":"Huawei","feature":{"ram":"2","cpu":"650","pin":"3000","screen":null},"category":"\u0110i\u1ec7n tho\u1ea1i di \u0111\u1ed9ng","price":"3.990.000"}
{"name":"Huawei Y6 II","brand":"Huawei","feature":{"ram":"2","cpu":"620","pin":"3000","screen":null},"category":"\u0110i\u1ec7n tho\u1ea1i di \u0111\u1ed9ng","price":"2.990.000"}
{"name":"Huawei Y5 II","brand":"Huawei","feature":{"ram":"1","cpu":"6582","pin":"2200","screen":null},"category":"\u0110i\u1ec7n tho\u1ea1i di \u0111\u1ed9ng","price":"2.190.000"}
{"name":"Huawei Y541","brand":"Huawei","feature":{"ram":"1","cpu":"4","pin":"1730","screen":null},"category":"\u0110i\u1ec7n tho\u1ea1i di \u0111\u1ed9ng","price":"<span>Gi\u00e1 online:<\/span> 1.272.000"}
{"name":"HUAWEI GR5 2017","brand":"Huawei","feature":{"ram":"3","cpu":"655","pin":"3340","screen":null},"category":"\u0110i\u1ec7n tho\u1ea1i di \u0111\u1ed9ng","price":"5.990.000"}
{"name":"Huawei GR5","brand":"Huawei","feature":{"ram":"2","cpu":"616","pin":"3000","screen":null},"category":"\u0110i\u1ec7n tho\u1ea1i di \u0111\u1ed9ng","price":"4.490.000"}
{"name":"Huawei GR5 Mini","brand":"Huawei","feature":{"ram":"2","cpu":"650","pin":"3000","screen":null},"category":"\u0110i\u1ec7n tho\u1ea1i di \u0111\u1ed9ng","price":"3.990.000"}
{"name":"Huawei Y6 II","brand":"Huawei","feature":{"ram":"2","cpu":"620","pin":"3000","screen":null},"category":"\u0110i\u1ec7n tho\u1ea1i di \u0111\u1ed9ng","price":"2.990.000"}
{"name":"Huawei Y5 II","brand":"Huawei","feature":{"ram":"1","cpu":"6582","pin":"2200","screen":null},"category":"\u0110i\u1ec7n tho\u1ea1i di \u0111\u1ed9ng","price":"2.190.000"}
{"name":"Huawei Y541","brand":"Huawei","feature":{"ram":"1","cpu":"4","pin":"1730","screen":null},"category":"\u0110i\u1ec7n tho\u1ea1i di \u0111\u1ed9ng","price":"<span>Gi\u00e1 online:<\/span> 1.272.000"}
{"name":null,"brand":"LG","feature":{"ram":null,"cpu":null,"pin":null,"screen":null},"category":"\u0110i\u1ec7n tho\u1ea1i di \u0111\u1ed9ng","price":null}
{"name":"Lenovo Vibe P1","brand":"LENOVO","feature":{"ram":"2","cpu":"615","pin":"5000","screen":null},"category":"\u0110i\u1ec7n tho\u1ea1i di \u0111\u1ed9ng","price":"4.790.000"}
{"name":"Lenovo P70","brand":"LENOVO","feature":{"ram":"2","cpu":"6752","pin":"4000","screen":null},"category":"\u0110i\u1ec7n tho\u1ea1i di \u0111\u1ed9ng","price":"3.990.000"}
{"name":"Lenovo A7010 (K4 Note)","brand":"LENOVO","feature":{"ram":"2","cpu":"8","pin":"3300","screen":null},"category":"\u0110i\u1ec7n tho\u1ea1i di \u0111\u1ed9ng","price":"3.790.000"}
{"name":"Lenovo Vibe S1","brand":"LENOVO","feature":{"ram":"3","cpu":"6752","pin":"2420","screen":null},"category":"\u0110i\u1ec7n tho\u1ea1i di \u0111\u1ed9ng","price":"3.490.000"}
{"name":"Lenovo A7000 Plus","brand":"LENOVO","feature":{"ram":"2","cpu":"6752","pin":"2900","screen":null},"category":"\u0110i\u1ec7n tho\u1ea1i di \u0111\u1ed9ng","price":"3.390.000"}
{"name":"Lenovo VIBE K5+ (a6020)","brand":"LENOVO","feature":{"ram":"2","cpu":"616","pin":"2750","screen":null},"category":"\u0110i\u1ec7n tho\u1ea1i di \u0111\u1ed9ng","price":"3.290.000"}
{"name":"Lenovo Vibe K5 (a6020a40)","brand":"LENOVO","feature":{"ram":"2","cpu":"415","pin":"2750","screen":null},"category":"\u0110i\u1ec7n tho\u1ea1i di \u0111\u1ed9ng","price":"2.990.000"}
{"name":"Lenovo A6600 Plus","brand":"LENOVO","feature":{"ram":"2","cpu":"4","pin":"2300","screen":null},"category":"\u0110i\u1ec7n tho\u1ea1i di \u0111\u1ed9ng","price":"2.590.000"}
{"name":"Lenovo A6010","brand":"LENOVO","feature":{"ram":"2","cpu":"410","pin":"2300","screen":null},"category":"\u0110i\u1ec7n tho\u1ea1i di \u0111\u1ed9ng","price":"2.190.000"}
{"name":"LENOVO A2020 (VIBE C)","brand":"LENOVO","feature":{"ram":"1","cpu":"210","pin":"2300","screen":null},"category":"\u0110i\u1ec7n tho\u1ea1i di \u0111\u1ed9ng","price":"<span>Gi\u00e1 online:<\/span> 1.592.000"}
{"name":"Lenovo A2010","brand":"LENOVO","feature":{"ram":"1","cpu":"4","pin":"2000","screen":null},"category":"\u0110i\u1ec7n tho\u1ea1i di \u0111\u1ed9ng","price":"1.590.000"}
{"name":"Itel it5311","brand":"Itel","feature":{"ram":null,"cpu":null,"pin":null,"screen":null},"category":"\u0110i\u1ec7n tho\u1ea1i di \u0111\u1ed9ng","price":"450.000"}
{"name":"Itel it5602","brand":"Itel","feature":{"ram":null,"cpu":null,"pin":null,"screen":null},"category":"\u0110i\u1ec7n tho\u1ea1i di \u0111\u1ed9ng","price":"320.000"}
{"name":"Itel it5020","brand":"Itel","feature":{"ram":null,"cpu":null,"pin":null,"screen":null},"category":"\u0110i\u1ec7n tho\u1ea1i di \u0111\u1ed9ng","price":"300.000"}
{"name":"Itel it2180","brand":"Itel","feature":{"ram":null,"cpu":null,"pin":null,"screen":null},"category":"\u0110i\u1ec7n tho\u1ea1i di \u0111\u1ed9ng","price":"250.000"}
{"name":"Freetel Musashi","brand":"Freetel","feature":{"ram":"1","cpu":"4","pin":null,"screen":null},"category":"\u0110i\u1ec7n tho\u1ea1i di \u0111\u1ed9ng","price":"4.190.000"}
{"name":"Freetel Priori 3s","brand":"Freetel","feature":{"ram":"2","cpu":"4","pin":null,"screen":null},"category":"\u0110i\u1ec7n tho\u1ea1i di \u0111\u1ed9ng","price":"2.690.000"}
{"name":"Freetel ICE 2 PLus","brand":"Freetel","feature":{"ram":"1","cpu":"4","pin":null,"screen":null},"category":"\u0110i\u1ec7n tho\u1ea1i di \u0111\u1ed9ng","price":"1.790.000"}
{"name":"Freetel ICE 2","brand":"Freetel","feature":{"ram":"1","cpu":"4","pin":null,"screen":null},"category":"\u0110i\u1ec7n tho\u1ea1i di \u0111\u1ed9ng","price":"990.000"}
{"name":"Obi Worldphone SF1","brand":"Obi Worldphone","feature":{"ram":"3","cpu":"615","pin":null,"screen":null},"category":"\u0110i\u1ec7n tho\u1ea1i di \u0111\u1ed9ng","price":"2.990.000"}
{"name":"Obi Worldphone S507","brand":"Obi Worldphone","feature":{"ram":"2","cpu":"615","pin":null,"screen":null},"category":"\u0110i\u1ec7n tho\u1ea1i di \u0111\u1ed9ng","price":"2.790.000"}
{"name":"Obi Worldphone MV1 2GB (Cyanogen)","brand":"Obi Worldphone","feature":{"ram":"2","cpu":"212","pin":null,"screen":null},"category":"\u0110i\u1ec7n tho\u1ea1i di \u0111\u1ed9ng","price":"1.990.000"}
{"name":"Obi Worldphone SJ1.5","brand":"Obi Worldphone","feature":{"ram":"1","cpu":"4","pin":null,"screen":null},"category":"\u0110i\u1ec7n tho\u1ea1i di \u0111\u1ed9ng","price":"1.890.000"}
{"name":"Mobiistar Prime X Grand","brand":"Mobiistart","feature":{"ram":"3","cpu":"8","pin":"3200","screen":null},"category":"\u0110i\u1ec7n tho\u1ea1i di \u0111\u1ed9ng","price":"3.690.000"}
{"name":"Mobiistar Prime X (2017)","brand":"Mobiistart","feature":{"ram":"2","cpu":"8","pin":"3000","screen":null},"category":"\u0110i\u1ec7n tho\u1ea1i di \u0111\u1ed9ng","price":"3.490.000"}
{"name":"Mobiistar LAI Zumbo S","brand":"Mobiistart","feature":{"ram":"3","cpu":"4","pin":"2800","screen":null},"category":"\u0110i\u1ec7n tho\u1ea1i di \u0111\u1ed9ng","price":"2.790.000"}
{"name":"Mobiistar Lai Yuna X","brand":"Mobiistart","feature":{"ram":"2","cpu":"","pin":"2500","screen":null},"category":"\u0110i\u1ec7n tho\u1ea1i di \u0111\u1ed9ng","price":"2.590.000"}
{"name":"Mobiistar LAI Zumbo J","brand":"Mobiistart","feature":{"ram":"2","cpu":"4","pin":"2500","screen":null},"category":"\u0110i\u1ec7n tho\u1ea1i di \u0111\u1ed9ng","price":"<span>Gi\u00e1 online:<\/span> 1.832.000"}
{"name":"Mobiistar LAI Yuki","brand":"Mobiistart","feature":{"ram":"2","cpu":"4","pin":"2200","screen":null},"category":"\u0110i\u1ec7n tho\u1ea1i di \u0111\u1ed9ng","price":"<span>Gi\u00e1 online:<\/span> 1.752.000"}
{"name":"Mobiistar LAI Zumbo","brand":"Mobiistart","feature":{"ram":"2","cpu":"4","pin":"3000","screen":null},"category":"\u0110i\u1ec7n tho\u1ea1i di \u0111\u1ed9ng","price":"<span>Gi\u00e1 online:<\/span> 1.752.000"}
{"name":"Mobiistar LAI Yuna","brand":"Mobiistart","feature":{"ram":"1","cpu":"4","pin":"2500","screen":null},"category":"\u0110i\u1ec7n tho\u1ea1i di \u0111\u1ed9ng","price":"1.650.000"}
{"name":"Mobiistar Lai Yuna C","brand":"Mobiistart","feature":{"ram":"1","cpu":"4","pin":"2200","screen":null},"category":"\u0110i\u1ec7n tho\u1ea1i di \u0111\u1ed9ng","price":"1.590.000"}
{"name":"Mobiistar Lai Zoro 2","brand":"Mobiistart","feature":{"ram":"1","cpu":"4","pin":"2200","screen":null},"category":"\u0110i\u1ec7n tho\u1ea1i di \u0111\u1ed9ng","price":"1.490.000"}
{"name":"Mobiistar Lai Z1","brand":"Mobiistart","feature":{"ram":null,"cpu":"6572","pin":"2300","screen":null},"category":"\u0110i\u1ec7n tho\u1ea1i di \u0111\u1ed9ng","price":"1.390.000"}
{"name":"Mobiistar Kool Lite","brand":"Mobiistart","feature":{"ram":null,"cpu":"4","pin":"1800","screen":null},"category":"\u0110i\u1ec7n tho\u1ea1i di \u0111\u1ed9ng","price":"990.000"}
{"name":"Mobiistar Buddy","brand":"Mobiistart","feature":{"ram":null,"cpu":"2","pin":"1500","screen":null},"category":"\u0110i\u1ec7n tho\u1ea1i di \u0111\u1ed9ng","price":"850.000"}
{"name":"Mobiistar B821","brand":"Mobiistart","feature":{"ram":null,"cpu":null,"pin":null,"screen":null},"category":"\u0110i\u1ec7n tho\u1ea1i di \u0111\u1ed9ng","price":"490.000"}
{"name":"Mobiistar B242","brand":"Mobiistart","feature":{"ram":null,"cpu":null,"pin":null,"screen":null},"category":"\u0110i\u1ec7n tho\u1ea1i di \u0111\u1ed9ng","price":"450.000"}
{"name":"Mobiistar B247","brand":"Mobiistart","feature":{"ram":null,"cpu":null,"pin":null,"screen":null},"category":"\u0110i\u1ec7n tho\u1ea1i di \u0111\u1ed9ng","price":"420.000"}
{"name":"Mobiistar B248","brand":"Mobiistart","feature":{"ram":null,"cpu":null,"pin":null,"screen":null},"category":"\u0110i\u1ec7n tho\u1ea1i di \u0111\u1ed9ng","price":"350.000"}
{"name":"Mobiistar B221","brand":"Mobiistart","feature":{"ram":null,"cpu":null,"pin":null,"screen":null},"category":"\u0110i\u1ec7n tho\u1ea1i di \u0111\u1ed9ng","price":"250.000"}
{"name":"Mobell Nova i7","brand":"Mobell","feature":{"ram":"2","cpu":"4","pin":"2300","screen":null},"category":"\u0110i\u1ec7n tho\u1ea1i di \u0111\u1ed9ng","price":"<span>Gi\u00e1 online:<\/span> 2.152.000"}
{"name":"Mobell Nova P2","brand":"Mobell","feature":{"ram":"2","cpu":"4","pin":"4000","screen":null},"category":"\u0110i\u1ec7n tho\u1ea1i di \u0111\u1ed9ng","price":"<span>Gi\u00e1 online:<\/span> 1.992.000"}
{"name":"Mobell Nova X","brand":"Mobell","feature":{"ram":"2","cpu":"4","pin":"2100","screen":null},"category":"\u0110i\u1ec7n tho\u1ea1i di \u0111\u1ed9ng","price":"2.490.000"}
{"name":"Mobell Nova i6","brand":"Mobell","feature":{"ram":"1","cpu":"4","pin":"2100","screen":null},"category":"\u0110i\u1ec7n tho\u1ea1i di \u0111\u1ed9ng","price":"<span>Gi\u00e1 online:<\/span> 1.672.000"}
{"name":"Mobell Nova F7","brand":"Mobell","feature":{"ram":"1","cpu":"4","pin":"2200","screen":null},"category":"\u0110i\u1ec7n tho\u1ea1i di \u0111\u1ed9ng","price":"1.990.000"}
{"name":"Mobell Nova i4","brand":"Mobell","feature":{"ram":"1","cpu":"4","pin":"3300","screen":null},"category":"\u0110i\u1ec7n tho\u1ea1i di \u0111\u1ed9ng","price":"1.890.000"}
{"name":"Mobell Nova R1","brand":"Mobell","feature":{"ram":"2","cpu":"4","pin":"2200","screen":null},"category":"\u0110i\u1ec7n tho\u1ea1i di \u0111\u1ed9ng","price":"1.690.000"}
{"name":"Mobell Nova F3","brand":"Mobell","feature":{"ram":"1","cpu":"4","pin":"2100","screen":null},"category":"\u0110i\u1ec7n tho\u1ea1i di \u0111\u1ed9ng","price":"1.690.000"}
{"name":"Mobell Nova R1 Black","brand":"Mobell","feature":{"ram":"2","cpu":"4","pin":"2200","screen":null},"category":"\u0110i\u1ec7n tho\u1ea1i di \u0111\u1ed9ng","price":"1.690.000"}
{"name":"Mobell Nova S2","brand":"Mobell","feature":{"ram":"1","cpu":"4","pin":"2500","screen":null},"category":"\u0110i\u1ec7n tho\u1ea1i di \u0111\u1ed9ng","price":"1.490.000"}
{"name":"Mobell S39","brand":"Mobell","feature":{"ram":null,"cpu":"4","pin":"1600","screen":null},"category":"\u0110i\u1ec7n tho\u1ea1i di \u0111\u1ed9ng","price":"990.000"}
{"name":"Mobell Rock","brand":"Mobell","feature":{"ram":null,"cpu":null,"pin":null,"screen":null},"category":"\u0110i\u1ec7n tho\u1ea1i di \u0111\u1ed9ng","price":"590.000"}
{"name":"MOBELL M589","brand":"Mobell","feature":{"ram":null,"cpu":null,"pin":null,"screen":null},"category":"\u0110i\u1ec7n tho\u1ea1i di \u0111\u1ed9ng","price":"520.000"}
{"name":"Mobell M690","brand":"Mobell","feature":{"ram":null,"cpu":null,"pin":null,"screen":null},"category":"\u0110i\u1ec7n tho\u1ea1i di \u0111\u1ed9ng","price":"490.000"}
{"name":"MOBELL M389","brand":"Mobell","feature":{"ram":null,"cpu":null,"pin":null,"screen":null},"category":"\u0110i\u1ec7n tho\u1ea1i di \u0111\u1ed9ng","price":"450.000"}
{"name":"Mobell M328","brand":"Mobell","feature":{"ram":null,"cpu":null,"pin":null,"screen":null},"category":"\u0110i\u1ec7n tho\u1ea1i di \u0111\u1ed9ng","price":"390.000"}
{"name":"Mobell M269","brand":"Mobell","feature":{"ram":null,"cpu":null,"pin":null,"screen":null},"category":"\u0110i\u1ec7n tho\u1ea1i di \u0111\u1ed9ng","price":"250.000"}
{"name":"MOBELL M228","brand":"Mobell","feature":{"ram":null,"cpu":null,"pin":null,"screen":null},"category":"\u0110i\u1ec7n tho\u1ea1i di \u0111\u1ed9ng","price":"250.000"}
{"name":"Philips S358","brand":"Philips","feature":{"ram":"1","cpu":"4","pin":"2300","screen":null},"category":"\u0110i\u1ec7n tho\u1ea1i di \u0111\u1ed9ng","price":"<span>Gi\u00e1 online:<\/span> 1.592.000"}
{"name":"Philips S337","brand":"Philips","feature":{"ram":"1","cpu":"4","pin":"2000","screen":null},"category":"\u0110i\u1ec7n tho\u1ea1i di \u0111\u1ed9ng","price":"<span>Gi\u00e1 online:<\/span> 1.272.000"}
{"name":"Philips E330","brand":"Philips","feature":{"ram":null,"cpu":null,"pin":null,"screen":null},"category":"\u0110i\u1ec7n tho\u1ea1i di \u0111\u1ed9ng","price":"1.290.000"}
{"name":"Philips E310","brand":"Philips","feature":{"ram":null,"cpu":null,"pin":null,"screen":null},"category":"\u0110i\u1ec7n tho\u1ea1i di \u0111\u1ed9ng","price":"1.290.000"}
{"name":"Philips E311","brand":"Philips","feature":{"ram":null,"cpu":null,"pin":null,"screen":null},"category":"\u0110i\u1ec7n tho\u1ea1i di \u0111\u1ed9ng","price":"1.290.000"}
{"name":"Philips S307","brand":"Philips","feature":{"ram":null,"cpu":"4","pin":"1630","screen":null},"category":"\u0110i\u1ec7n tho\u1ea1i di \u0111\u1ed9ng","price":"1.000.000"}
{"name":"Philips E170","brand":"Philips","feature":{"ram":null,"cpu":null,"pin":null,"screen":null},"category":"\u0110i\u1ec7n tho\u1ea1i di \u0111\u1ed9ng","price":"890.000"}
{"name":"Philips E220","brand":"Philips","feature":{"ram":null,"cpu":null,"pin":null,"screen":null},"category":"\u0110i\u1ec7n tho\u1ea1i di \u0111\u1ed9ng","price":"890.000"}
{"name":"Philips E181","brand":"Philips","feature":{"ram":null,"cpu":null,"pin":null,"screen":null},"category":"\u0110i\u1ec7n tho\u1ea1i di \u0111\u1ed9ng","price":"850.000"}
{"name":"Philips E160","brand":"Philips","feature":{"ram":null,"cpu":null,"pin":null,"screen":null},"category":"\u0110i\u1ec7n tho\u1ea1i di \u0111\u1ed9ng","price":"590.000"}
{"name":"Philips E103","brand":"Philips","feature":{"ram":null,"cpu":null,"pin":null,"screen":null},"category":"\u0110i\u1ec7n tho\u1ea1i di \u0111\u1ed9ng","price":"350.000"}
{"name":"Philips E105","brand":"Philips","feature":{"ram":null,"cpu":null,"pin":null,"screen":null},"category":"\u0110i\u1ec7n tho\u1ea1i di \u0111\u1ed9ng","price":"320.000"}
{"name":"Q Luna Pro","brand":"Q-Mobile","feature":{"ram":"2","cpu":"4","pin":null,"screen":null},"category":"\u0110i\u1ec7n tho\u1ea1i di \u0111\u1ed9ng","price":"<span>Gi\u00e1 online:<\/span> 1.832.000"}
{"name":"Q Edgy","brand":"Q-Mobile","feature":{"ram":"2","cpu":"615","pin":"2250","screen":null},"category":"\u0110i\u1ec7n tho\u1ea1i di \u0111\u1ed9ng","price":"2.080.000"}
{"name":"Q Vita S","brand":"Q-Mobile","feature":{"ram":"1","cpu":"4","pin":"2500","screen":null},"category":"\u0110i\u1ec7n tho\u1ea1i di \u0111\u1ed9ng","price":"1.650.000"}
{"name":"Q Nice S","brand":"Q-Mobile","feature":{"ram":"1","cpu":"4","pin":"2000","screen":null},"category":"\u0110i\u1ec7n tho\u1ea1i di \u0111\u1ed9ng","price":"<span>Gi\u00e1 online:<\/span> 1.264.000"}
{"name":"Q Vita","brand":"Q-Mobile","feature":{"ram":"1","cpu":"4","pin":"2000","screen":null},"category":"\u0110i\u1ec7n tho\u1ea1i di \u0111\u1ed9ng","price":"1.190.000"}
{"name":"Q Nice","brand":"Q-Mobile","feature":{"ram":"1","cpu":"4","pin":"1700","screen":null},"category":"\u0110i\u1ec7n tho\u1ea1i di \u0111\u1ed9ng","price":"1.090.000"}
{"name":"Pantech V955","brand":"Pantech","feature":{"ram":"2","cpu":"415","pin":"2500","screen":null},"category":"\u0110i\u1ec7n tho\u1ea1i di \u0111\u1ed9ng","price":"2.490.000"}
